Instrument,AV,tangible_repro,intangible_repro,EPV,FranchiseValue,FranchiseShare,AV_over_EV,ROIC,CompanyMoat(v3.2),CoreMoat(v3.2),MoatGap
SHO1.WA,34259451.34518689,9939491.513485868,9726857.487076787,143021174.4119367,108761723.06674981,0.760458886692462,0.11303880417206551,0.408089020946553,5.95,6.75,0.8
ZPTA.PK,71944161.125,4004.0099818373,45804580.5625,-231613355.2098717,-303557516.3348717,1.3106218165174857,0.28482430959165095,-0.6202446449332165,2.8,3.7,0.9
ATSI.MC,410202754.1627582,0.0,205101377.0813791,507947082.0807689,97744327.91801071,0.19243013960747263,1.6276313365823252,0.16717505596168358,4.55,5.0,0.45
ADMr.AT,772962004.3482761,157152.8381104091,0.0,899793863.4096576,126831859.06138146,0.14095657263183348,0.42052968803122087,0.08148598518989611,8.6,9.2,0.6
ENGP.WA,5560023253.560706,14075151262.34241,0.0,4415105693.088307,-1144917560.4723988,-0.2593182677970149,0.8372083733232014,0.05558563056696884,7.0,8.45,1.45
PSAGn.DE,1191680547.385035,135036801.9504071,513553287.4620588,555967597.0895035,-635712950.2955315,-1.1434352534635035,1.324464831544744,0.054897801427475655,6.2,7.45,1.25
EYDr.AT,804543509.6745442,3182863769.927612,1851.1205311986,25789170.771866713,-778754338.9026775,-30.196951495323653,0.8109599750961405,0.002243814145404473,8.1,8.7,0.6
PINE.L,131666340.75570549,4303697.838269816,46253538.19969688,162304656.8412649,30638316.085559413,0.1887704067266776,0.3297601318867653,0.13871737719463043,7.35,7.95,0.6
PGE.WA,13371524077.12434,70405163035.99854,0.0,13402616826.780752,31092749.656412125,0.0023199014086774023,2.1183971831751878,0.06787107209592687,6.7,8.45,1.75
GEB.CN,8897276213.323154,6092671842.350153,0.0,7270543798.757029,-1626732414.5661259,-0.2237428808068293,0.7180865840181938,0.0484388993726217,7.4,8.35,0.95
ROSNN.BX,1733277701.4926538,2321915482.650995,28696.6567027621,4048600230.0105014,2315322528.5178475,0.5718822301484289,0.4163290925985289,0.16350911802632687,8.6,8.95,0.35
EMAE4.SA,171033372.22484022,0.0,56247.1211932197,-23021229.06560591,-194054601.29044613,8.429376239532184,0.9321024380271543,-0.009897252487499964,6.15,6.3,0.15
ENAE.WA,4711883053.967631,20317756835.41953,0.0,4687403409.655389,-24479644.312242508,-0.0052224317330609735,1.682772581542268,0.06963632902552325,5.65,8.25,2.6
ENEI.MI,104673585891.26971,418416144106.2043,3735693.331210361,73410305546.8159,-31263280344.45381,-0.42587045662841305,0.5620994188326679,0.05718135071660372,7.25,7.85,0.6
ENEQ.PR,134578934.385792,0.0,0.0,92984962.69206344,-41593971.69372855,-0.4473193351862121,1.069415584465225,0.048365276617405105,5.05,5.75,0.7
NTEA_p.L,3174850570.54088,9280407737.201967,12529751.67854742,2668013155.498064,-506837415.04281616,-0.18996810941443798,1.6740861695096563,0.06158924774160857,8.3,8.3,0.0
MSGL.H,629471219.7107248,0.0,286992939.03022516,-662876993.1424382,-1292348212.853163,1.9496048682073732,3.414806606441574,-0.1290341313143238,6.75,7.0,0.25
EDNm.BA,1554415533.980582,6110545889.148004,0.0,-1175766666.0437262,-2730182200.024308,2.322044227713098,1.7156552554470934,-0.052948304249312135,6.9,7.35,0.45
HRA.MI,8399730820.995968,8299316160.359882,0.0,12542117755.810768,4142386934.8148003,0.3302781089657391,0.7254574828388698,0.10242103100496333,7.0,8.5,1.5
PANP.BU,53481817.03787588,108914444.7394877,0.0,46981966.15903305,-6499850.878842831,-0.13834778342057802,0.35121917030042005,0.06149263082821637,7.15,7.95,0.8
KGN.WA,664799680.26354,2285415126.86161,0.0,329691657.8248638,-335108022.43867624,-1.0164285764752037,1.6294135818842208,0.03141552497942794,6.5,6.65,0.15
EBKG.DE,36611864582.25488,130053168395.0399,0.0,7583711250.746201,-29028153331.508682,-3.8276975970904026,0.9844604079423084,0.014499665439315875,7.55,8.1,0.55
TTAN.OQ,3893671067.5098815,132183758.8611834,1387901033.7549405,-679086557.3630309,-4572757624.872912,6.733688916814142,0.6876465675583328,-0.01897063911494645,7.1,7.7,0.6
4432.T,829455422.0417726,28238781.0507467,296509387.64771235,721976337.4436849,-107479084.59808767,-0.1488678769980757,1.7750153723292417,0.10024701474995744,7.55,8.35,0.8
KARO.OQ,517911902.9058863,340713014.5044975,180492460.7336917,1018772194.199352,500860291.29346573,0.4916312931833493,0.34009350535553295,0.21086743413205736,7.15,7.9,0.75
9629.T,251189252.2364091,0.0,134114132.6203721,171302860.13117078,-79886392.10523832,-0.46634593283537334,3.716225653097976,0.10827588040294617,6.2,6.85,0.65
3962.T,623050615.2319005,21939469.8279759,133185861.1337896,1178734208.7432303,555683593.5113299,0.4714239982088933,1.316267178587045,0.16792220803944694,5.8,6.55,0.75
9505.T,8600828634.03512,103736733728.5034,41027854.86350642,-11800649349.76278,-20401477983.797897,1.728843674539657,1.181573731611438,-0.10201733362852348,7.25,8.05,0.8
UU.L,15328319914.466288,37250799512.02116,4072889.503727396,6214098846.064301,-9114221068.401987,-1.4667003686583582,1.1852676575353451,0.029602055815450567,8.1,8.25,0.15
3835.T,57589029.80177297,0.0,22160873.687148586,104509325.74078201,46920295.93900904,0.44895798156221034,0.6504074171534375,0.21829219900116342,7.55,8.55,1.0
9501.T,63073597649.37524,932878499544.8883,502974216.484877,-84517974529.69405,-147591572179.06927,1.7462743635345321,1.4759061276907728,-0.09995633369236594,6.8,7.15,0.35
6947.T,900119678.3977208,0.0,432901119.625669,346560556.52078605,-553559121.8769348,-1.5972940701453813,2.1286173067773553,0.0548896885644694,7.05,7.95,0.9
3661.T,68451315.24672295,0.0,46036261.157873,344243078.2116174,275791762.9648945,0.8011541274777828,0.3070403755338966,1.1364678258943557,6.45,7.05,0.6
4684.T,2223344456.214544,0.0,332129047.0469218,5028627477.43924,2805283021.2246966,0.5578625646482066,0.20960112658496236,0.1967615278125741,7.75,8.55,0.8
4828.T,186316695.66678065,0.0,79363396.18284017,217782252.9418897,31465557.275109053,0.14448173278611884,0.6030132315834958,0.15068152918573316,6.85,7.9,1.05
8174.T,630767564.440318,0.0,35332.7369977827,1232970654.2287269,602203089.7884089,0.4884164012525597,0.30724904966811817,0.13561359979824786,6.95,7.5,0.55
AGYS.OQ,937038676.7409843,74109310.70289722,360096838.3704921,186346146.84854054,-750692529.8924438,-4.028484315817894,0.3918577830079483,0.022609263901262232,7.05,7.4,0.35
9502.T,38345086147.728325,0.0,236064247.588735,10616415890.571438,-27728670257.156887,-2.6118673705862485,1.1912867667381803,0.02061492887329677,7.7,8.25,0.55
9504.T,23978501553.48332,418632783209.5043,204522533.9940972,-34013099417.712414,-57991600971.19573,1.7049784337206402,1.1650139027949564,-0.10587076546367692,7.7,8.25,0.55
PNN.L,7182356286.844456,16410608291.82922,2605459.953469657,2031056837.5321681,-5151299449.312287,-2.536265531382846,0.8067813047496185,0.020650737430124955,7.35,7.8,0.45
FAAS.DE,228116133.81447196,83486054.70927015,103414130.38144286,338047271.0456356,109931137.23116362,0.3251945708395415,1.3523331234826532,0.18975885167637113,6.45,8.0,1.55
9503.T,45101448916.87293,370501600395.3014,288567072.6412032,-34024347916.255657,-79125796833.12859,2.325563946967666,1.1329915133448805,-0.05618477638984978,7.7,8.25,0.55
3778.T,342429652.34608376,0.0,89768237.31008728,188330245.64943904,-154099406.69664472,-0.8182403530842722,0.3936392908033468,0.05515855349766396,6.1,6.5,0.4
9640.T,283372656.8708508,0.0,140143874.28404158,89051463.4412959,-194321193.42955488,-2.1821224033859297,2.0105561931543066,0.04600896674285349,7.45,8.05,0.6
4733.T,588964358.5929415,26240618.78157639,301377727.8126458,1537985121.5887334,949020762.9957919,0.6170545798358937,0.32237379824206785,0.395744748943191,7.9,8.3,0.4
4685.T,284641893.1165666,0.0,83688068.93240817,235881839.37770307,-48760053.73886353,-0.20671389483607958,1.3926602515752158,0.0868620250687723,5.05,6.55,1.5
CMG.TO,290972135.4779973,52241349.28214213,117475363.63112348,503991083.5959948,213018948.11799747,0.4226641205596327,1.262477583319055,0.19717137474068724,7.05,8.1,1.05
9790.T,277269293.34724206,0.0,118861388.92103705,374594873.8460209,97325580.49877882,0.25981556954990526,0.9966307560407991,0.17499139809351522,6.9,7.25,0.35
9928.T,891437791.3556459,0.0,379706891.67648876,454525769.0029874,-436912022.3526585,-0.9612480790935901,2.891945392332979,0.06572772315939754,6.95,7.8,0.85
3763.T,75893896.77772024,0.0,32214811.00973377,169921525.1983889,94027628.42066866,0.5533591362888742,0.27445647020193603,0.2878767410900511,7.45,8.35,0.9
3762.T,416212064.1073515,59918008.21015918,180516288.80592668,656770509.7664765,240558445.65912503,0.3662747368858854,1.4215720214727328,0.20620232866102403,6.15,8.05,1.9
9506.T,26867821789.515953,213961738987.2414,198864418.5882908,-18915088758.95697,-45782910548.47292,2.420443865313245,1.193723318264006,-0.052484862782400096,6.75,8.25,1.5
2326.T,84527129.84994708,0.0,44554328.51283604,292651563.8219153,208124433.97196823,0.7111680226612982,0.41300320304685995,0.5417737811314203,7.55,8.25,0.7
9513.T,20000756849.04343,0.0,246237044.0615694,-542290776.1634467,-20543047625.20688,37.881978687786486,1.3902395002863932,-0.0020314094107200145,7.4,7.8,0.4
3923.T,521410216.76475537,0.0,224609743.26067024,893315804.8038039,371905588.03904855,0.41632039424258144,0.2783319191294828,0.22272663104282964,6.8,7.4,0.6
4373.T,679048598.1192356,59821422.9587131,159474282.38739398,703197578.1980587,24148980.07882309,0.0343416712849108,0.4876166965431359,0.09798511215587517,7.15,8.1,0.95
9532.T,17108617790.817215,0.0,270084153.8280652,10510317552.671503,-6598300238.145712,-0.6277926623129062,0.9804840636321368,0.03975586926247932,8.0,8.35,0.35
SSE.L,25711608039.20296,71790245587.19577,52391067.95378214,18038448535.01867,-7673159504.184292,-0.42537801902908223,0.49557795317795383,0.05131905406668598,7.15,7.85,0.7
9537.T,280130999.7665328,0.0,15606.5855002811,-255360476.72591832,-535491476.4924511,2.09700218044001,3.1326621081360546,-0.04740853586134338,7.8,8.25,0.45
4419.T,123985276.64223167,0.0,39408296.87396676,46896495.45692281,-77088781.18530887,-1.6438068651871751,0.30968456846536513,0.04103174023618225,6.55,7.35,0.8
9507.T,8348704715.860146,468263025590.7828,105833891.2604202,-1729079261.9172227,-10077783977.777369,5.828410645908162,1.135812583565988,-0.015522730867020211,7.7,8.25,0.55
RNW.OQ,9158654183.73317,11832054974.3304,0.0,6927124675.401865,-2231529508.3313046,-0.32214369062180137,0.9253492580132958,0.05521336335664716,6.05,6.4,0.35
9533.T,3503855108.2120447,0.0,39673469.41112387,2426472606.229149,-1077382501.9828959,-0.44401181336936596,0.9416972046947286,0.045018750816049745,8.0,8.35,0.35
4498.T,67046190.84830126,0.0,29914299.158728823,95065111.50224867,28018920.653947413,0.29473400084619533,0.8681692849636213,0.18945488449601278,6.0,6.9,0.9
9509.T,11108647212.488428,124944429161.5309,59712069.06514741,-9773053621.227465,-20881700833.715893,2.136660827109349,1.1015517347349526,-0.06545481157985712,7.7,8.25,0.55
9531.T,19448404873.33435,0.0,189694267.2773815,15452708349.325098,-3995696524.0092525,-0.2585758064982677,1.008406183425611,0.048844759584217814,8.0,8.35,0.35
9508.T,29985164910.67286,260826833913.3556,129241341.6318412,-19846041897.788822,-49831206808.461685,2.5108889251117477,1.1170540254029684,-0.04918980640609756,7.7,8.25,0.55
9535.T,639783571.2245944,0.0,3252905.985755274,239379787.8999767,-400403783.3246176,-1.6726716438228435,1.987389120772735,0.027829145195937408,7.8,8.25,0.45
NG.L,99165831088.6789,0.0,117077355.9682781,52860171253.07199,-46305659835.6069,-0.876002834230618,0.734536564284522,0.03895851644824784,8.75,9.8,1.05
DT.N,5594039770.083658,217753439.8891338,2042659885.0418293,5952417216.207537,358377446.1238785,0.060207044148059816,0.5241712839079159,0.11732600246160936,7.3,7.9,0.6
4307.T,7586175684.731407,882312265.9190716,2302891110.121622,10697656557.501621,3111480872.770214,0.2908563063363929,0.4493336880479145,0.1468587151237949,7.95,8.75,0.8
9534.T,984639555.2799553,0.0,6821278.140144583,984423751.3526303,-215803.9273250103,-0.00021921852965096453,1.3441288659815482,0.05667136475717088,7.8,8.25,0.45
CVLT.OQ,3303328181.1218843,93902581.55087736,1640154590.5609422,1897440962.0949583,-1405887219.026926,-0.7409385836567429,0.645041869821545,0.0798598944213937,6.5,6.65,0.15
9511.T,2797575597.7742496,0.0,15313307.38995911,-314621968.62824214,-3112197566.4024916,9.891863495647597,1.2450651447994183,-0.008368019707902583,7.7,8.25,0.55
ESTC.N,4349574323.589276,60341451.47124199,2124935661.7946382,534651845.30001974,-3814922478.2892566,-7.135339589351859,0.8665931906944825,0.01641571868056159,6.45,7.3,0.85
4431.T,87389153.19223547,0.0,37213871.346939,224241155.69265267,136852002.5004172,0.6102894095318881,0.2909863800703337,0.3307175348295894,6.8,7.2,0.4
TCS.TO,282781086.5322984,18158563.13356217,129327925.49545781,174851915.3461264,-107929171.18617198,-0.6172604456320758,0.8453635570533108,0.07976136816947285,7.25,8.25,1.0
4716.T,2092123842.1176925,533782148.2908811,709124264.8522366,5726103934.932504,3633980092.814811,0.6346339734850878,0.3241031831724888,0.306385987494538,6.45,6.8,0.35
4443.T,564285988.833416,0.0,320656601.7480051,585420607.4009247,21134618.567508698,0.03610159652790404,0.5777944342140486,0.17781567924103112,7.15,7.0,-0.15
ORCL.N,220494198577.74066,82176878139.63245,57426599288.870346,276434581776.1514,55940383198.41077,0.2023639113419957,0.340646299345978,0.10997910862106298,6.4,8.4,2.0
4478.T,647212507.148556,0.0,346265614.0353571,-459325197.05594796,-1106537704.204504,2.409050736377788,1.0841713664262735,-0.09582309033384247,6.45,7.0,0.55
TRAK.N,72200205.54362285,5439142.143215971,25369928.271811422,62476652.084495574,-9723553.459127277,-0.15563499538958664,0.49843328001910436,0.09338756677717029,7.05,7.65,0.6
4847.T,110965662.1947267,25246125.60733883,44883188.71141792,194777670.63279983,83812008.43807313,0.43029577346202996,0.8919063676813161,0.21811452972425113,7.8,8.7,0.9
MSFT.OQ,674981390784.986,366812304885.9769,168372195392.49298,1365565992097.1223,690584601312.1364,0.5057130928191864,0.2291616640388262,0.18802437268720423,8.4,9.2,0.8
TEAM.OQ,17097074730.383461,475059843.136962,8850439365.19173,18202508550.466915,1105433820.0834541,0.06072975145258748,0.9226428766512799,0.15450854101187245,7.05,7.9,0.85
5254.T,24226291.606228717,0.0,7606271.2805117555,113870522.71805209,89644231.11182338,0.7872470326125228,0.17387026608486786,0.507004114074232,6.0,6.9,0.9
BKSB.L,80666528.16320418,69387883.83544561,11664134.62007522,82366771.7970744,1700243.6338702291,0.02064234881098764,0.42596032023857167,0.08657778074852487,7.15,7.75,0.6
INTA.OQ,1634651160.3774896,71258614.20481244,713997580.1887448,729496667.1043653,-905154493.2731242,-1.240793185342447,1.0720011495489679,0.05546577756949222,7.05,8.05,1.0
3836.T,218143379.56238803,0.0,107203614.64752263,385606755.7973367,167463376.23494866,0.4342853793852159,1.2789356308000892,0.25721074811092715,7.0,7.8,0.8
OTEX.TO,19202615816.693523,1701757563.47414,5024530408.346764,26681122431.527508,7478506614.833984,0.2802920542052262,1.8120191684558282,0.09899136778081388,6.0,6.8,0.8
ZS.OQ,6543739691.098364,1116472273.333909,3308074345.549182,4118007353.816055,-2425732337.282309,-0.5890548823411992,0.3525554410426159,0.08908848226954018,7.8,8.5,0.7
350A.T,67394636.65802708,0.0,16310158.318399183,195113753.35358226,127719116.69555518,0.6545879749650682,0.42393847940129187,0.2826380579277588,6.45,6.9,0.45
PANW.OQ,27251828613.06122,1676797255.037725,11165314306.530611,20581108578.424995,-6670720034.636223,-0.32411859687816247,0.1160709514903307,0.08955809649234459,7.65,8.15,0.5
INTU.OQ,66540931101.66728,3695174229.015528,22704965550.83364,80388139243.52856,13847208141.861282,0.1722543682708269,0.8282038651425012,0.12548437113388694,7.8,8.75,0.95
TRCS.L,245383555.12663907,25440017.48891624,93468494.54096349,152063932.29241312,-93319622.83422595,-0.6136867660029723,2.2412137090969506,0.07307153757204811,6.4,7.8,1.4
NTNX.OQ,7947596493.376339,1058950567.018823,4642499746.6881695,-989805869.1897067,-8937402362.566046,9.029449754508477,0.6433940251329141,-0.020400589811118378,6.6,6.95,0.35
GWRE.N,4258851751.0772204,209402475.8353678,1638248375.5386105,704722352.0177414,-3554129399.0594788,-5.04330448563664,0.47238703115098324,0.018730994124184754,8.4,9.2,0.8
PCYO.OQ,127598000.0,107531608.8902328,0.0,67534292.66387436,-60063707.33612564,-0.8893808606994577,0.49837476029386013,0.03704917386221732,7.55,8.0,0.45
DLB.N,6746445207.881042,1696783918.772723,2408547603.9405212,4045974591.775697,-2700470616.1053443,-0.6674462616731762,1.526884385741056,0.0652892823396811,7.25,7.95,0.7
ATO.N,22252591000.0,0.0,0.0,13400968120.976063,-8851622879.023937,-0.660521150346504,0.7859049256527832,0.04215544016731915,8.05,8.3,0.25
NJR.N,5966122033.76898,8550055861.685578,16.8844902838,3324779193.1440544,-2641342840.6249256,-0.7944415815858009,0.6395952064635944,0.03900935027165566,7.1,8.4,1.3
MITK.OQ,721577661.2529004,12946195.21764867,258907330.62645018,568759695.9725358,-152817965.2803645,-0.26868634743722025,0.9506224543546272,0.08605085756022206,6.45,7.95,1.5
4071.T,120307524.47328076,0.0,59665033.365781695,475450531.32986546,355143006.85658467,0.7469610053084325,0.2065888270287263,0.580176352848725,6.6,7.65,1.05
NFG.N,5886045000.0,25351788322.00847,0.0,6880446802.224829,994401802.2248287,0.14452575985374724,0.5990002149584639,0.07228070909986323,7.0,8.25,1.25
FICO.N,4522097745.032522,158213144.0247002,1669559872.5162606,9198193046.85404,4676095301.821518,0.5083710765801803,0.14796966368372283,0.21518153254005204,9.4,10.1,0.7
DJCO.OQ,149202603.53029,66880233.47592694,124374801.765145,157831261.56742397,8628658.037133962,0.05467014551770458,0.4547789148057676,0.4449926100678757,6.3,7.2,0.9
BHAV.VI,96856526.75114396,0.0,0.0,0.0,-96856526.75114396,-inf,,0.0,6.5,6.5,0.0
PTC.OQ,11154247499.239403,654224419.7287306,3164656749.6197014,9398110991.728582,-1756136507.5108204,-0.18686058390419333,0.7608929300036412,0.07940280228048986,7.4,8.2,0.8
4475.T,137998478.1722461,0.0,80246399.32953075,198023628.64370942,60025150.47146332,0.3031211521704944,0.7642735675430364,0.25373542932615784,6.95,7.55,0.6
SR.N,8586200000.0,21632511278.81718,0.0,3605468082.1072083,-4980731917.892792,-1.381438360974704,0.860393774300357,0.029394000343283943,6.6,7.1,0.5
MVVGn.DE,3859534201.572221,16806449900.69835,0.0,313897585.3009584,-3545636616.271262,-11.295520521038034,0.9165785577376412,0.005693130264816991,6.65,8.8,2.15
EVNV.VI,9054429955.918022,24229906077.92152,11786138.34854798,2764971561.0788326,-6289458394.83919,-2.274691893172738,1.2170240840106916,0.01955584744679228,7.65,8.0,0.35
DOX.OQ,9022338889.540472,2981762226.785006,2614878444.770236,8266719246.935983,-755619642.6044893,-0.09140502054482567,1.3713799105020006,0.0863698478808415,6.75,7.45,0.7
RGCO.OQ,259246015.0,485890991.5175455,0.0,250341565.58799765,-8904449.412002355,-0.03556920078808227,0.6428220109775405,0.0664068496540901,7.35,7.95,0.6
IIIV.OQ,958576511.0831585,18555739.59084975,253762755.5415792,498265939.9900041,-460310571.0931544,-0.9238250784358024,1.812782380229403,0.049486287015637974,7.35,7.7,0.35
SNPS.OQ,58813774799.57793,2790531668.142664,9981601899.788961,30093078000.77249,-28720696798.805435,-0.9543954526043555,0.6262342319098192,0.041426964090836856,9.15,9.4,0.25
ADBE.OQ,63903470423.71736,4858525006.456813,26332735211.85868,117524314908.16377,53620844484.44641,0.4562531977008076,0.8309136455684881,0.21892584205778268,7.2,8.1,0.9
5246.T,89056887.22845143,0.0,33909164.07532081,-14362125.192781296,-103419012.42123273,7.2008154108845455,0.8830644130425933,-0.01927182490045345,7.0,8.05,1.05
CU.TO,13225007286.50539,31382573698.5675,0.0,7132184215.315436,-6092823071.189954,-0.8542716911470697,0.8250679544312762,0.03775067069955502,7.3,8.1,0.8
SRG.MI,30754987049.901237,70020729121.86977,7468978.011927358,14858908391.968338,-15896078657.9329,-1.0698012423661742,1.2332891474984644,0.04107672074098247,7.65,8.15,0.5
WIIT.MI,439227938.6936771,288156351.8830519,75075138.20393765,442276100.1754358,3048161.481758654,0.006891987788961585,0.44900362224288165,0.10323542332876084,7.15,7.65,0.5
WK.N,2609245023.456422,81059539.86841513,1362565011.7282107,971776110.3640313,-1637468913.0923905,-1.6850269271169755,1.0122771100322612,0.054564384674126144,6.9,7.7,0.8
IG.MI,17671042833.8208,1793501321.079714,0.0,22927005531.09473,5255962697.27393,0.2292476743264852,0.7135622736408072,0.0848564864022823,7.6,8.1,0.5
ORSTED.CO,24668569144.4451,70205969217.53926,619704548.00375,24045160531.823944,-623408612.6211548,-0.02592657311628546,0.7283678090206469,0.06600076701040491,6.4,7.5,1.1
WWGG.F,1443806302.338422,4882594789.979521,0.0,349718075.07198524,-1094088227.2664368,-3.128486358736911,0.5126480150685011,0.016955366668915468,7.35,7.7,0.35
WEC.N,35838503970.89047,63377432548.11319,1985.4452385519,19481638737.56977,-16356865233.320702,-0.8396041756886172,0.6009106233828171,0.03805166611550106,7.9,7.9,0.0
CUPu.TO,823272000.0,2141809609.570856,0.0,272560762.1557911,-550711237.844209,-2.0205081372990574,0.8176703825178119,0.02317490859752959,8.5,8.9,0.4
ISA.CN,15240153687.845741,14955909333.31625,43305430.82859051,24053445181.36528,8813291493.519539,0.36640453901993986,0.8495788571774644,0.08779424810016265,8.05,8.95,0.9
ORYGENC1.LM,987538809.2547437,5741368390.97168,0.0,2885266670.596194,1897727861.3414502,0.6577304901072855,0.3972156369863499,0.20451719471577157,7.2,7.7,0.5
CGPA2m.BA,222833638.8697449,1851386379.506411,0.0,-330484028.85013914,-553317667.719884,1.6742644709490357,0.9278751406701701,-0.10381683006591483,7.2,7.65,0.45
015760.KS,127631793592.34346,335918283406.4166,1912811430.572071,-77211690869.65126,-204843484461.99472,2.6530112493950093,1.1949532288224316,-0.0454479110958918,7.35,7.7,0.35
IT.N,12714003758.310726,910278675.1162431,5548991379.155363,19184289605.70235,6470285847.391624,0.3372700256499669,1.1606042443431008,0.17472918520455183,7.7,8.7,1.0
SRE.N,77004000000.0,83957731983.99791,0.0,25410929550.493423,-51593070449.50658,-2.030349592170065,0.8106910641908391,0.023099645064341333,6.8,7.4,0.6
IGN1L.VL,5523061202.917448,8784352590.026213,0.0,3499357965.6819596,-2023703237.2354884,-0.5783070086232537,1.3630149681635855,0.04435132050833413,7.15,8.9,1.75
INF1T.TL,2396409670.868631,0.0,13023434.73196971,2024579004.4383984,-371830666.4302325,-0.18365826456516834,1.0841954801604734,0.05946183969762666,6.3,8.2,1.9
CGET.SN,1184307731.821214,2142122570.484269,0.0,1932000911.0903654,747693179.2691514,0.38700456867133415,1.2401083305999463,0.08875127350570028,8.1,8.65,0.55
ISAE4.SA,6381707953.817789,76337314.33906963,24513096.86507705,7639831172.112956,1258123218.295167,0.16467945298157768,1.0145164603952121,0.10131939023103127,7.5,8.05,0.55
IGNY.BU,4020208596.1578655,0.0,285860854.9047564,4149227295.2733035,129018699.11543798,0.031094632791607457,0.9682725268326776,0.07777687853238552,6.05,7.45,1.4
ORA.N,5189082270.758587,9331182439.091646,19609135.37929329,1774604965.7261498,-3414477305.0324373,-1.9240773980564565,0.4847159066420388,0.024029982233714824,6.75,7.7,0.95
IREE.MI,9490743807.476833,0.0,0.0,8328244212.989833,-1162499594.4870005,-0.13958519524125051,0.9755973150923776,0.05659205282866549,7.1,7.7,0.6
WTRG.N,14827584000.0,22776931899.89898,0.0,7633363934.797162,-7194220065.202838,-0.9424704660559338,0.7802614136029934,0.03603658393948747,7.6,7.85,0.25
TEMN.S,3297655727.022586,159760666.9108179,1124946863.511293,5674674370.725783,2377018643.7031975,0.4188819460664806,0.5303229236248064,0.16760923805555533,7.05,7.85,0.8
9449.T,2608780301.4775853,0.0,1734029474.0710585,6447969506.150332,3839189204.672747,0.5954105708798365,6.117795621381029,0.3243331122209554,6.35,7.45,1.1
YUBICO.ST,347800880.44319487,0.0,130205473.37737498,717388731.2722876,369587850.82909274,0.5151849126116456,0.8303752806000169,0.23078249612993926,6.85,7.65,0.8
CRCL.N,4143716337.6000004,47421554.17092606,1151355168.8,6155343557.612301,2011627220.0123005,0.32680990121575343,0.262802625903563,0.14399132481913962,6.6,6.95,0.35
YSNG.DE,375332587.34879124,79103308.93821993,125705228.73658505,1028136647.1726543,652804059.823863,0.6349390050622697,0.2719522251347088,0.2883080031860204,8.15,9.15,1.0
AMG1L.VL,351020868.0535409,0.0,5117683.007896297,-83724604.24634406,-434745472.2998849,5.192565270547321,0.9058570113950853,-0.01694324467255402,7.45,7.45,0.0
SMWB.N,887091681.0239241,94705026.55727294,468093340.51196206,115684597.68302648,-771407083.3408977,-6.6681917799855945,2.2983800113339283,0.022087838828511782,5.3,5.9,0.6
NWE.OQ,6332814000.0,12554485905.63775,0.0,2637383647.6897426,-3695430352.3102574,-1.4011728462589534,0.815036629745689,0.029152420288718724,7.9,8.55,0.65
NEAG.S,1396356717.522289,8857352883.451353,0.0,492344902.2042806,-904011815.3180084,-1.8361352199863372,1.04254530150063,0.024681474813580018,6.2,7.0,0.8
ANODb.ST,1608676450.5144558,0.0,521807515.3974606,1606905468.278603,-1770982.2358527184,-0.001102107293063034,1.8197732874343995,0.0850814980968174,7.05,8.35,1.3
YORW.OQ,444607000.0,960181540.6096085,0.0,276111124.0176884,-168495875.9823116,-0.6102466048108852,0.6210325502717345,0.043471602294246806,8.55,8.55,0.0
MUMG.DE,798581394.2003418,64535433.10227608,329787038.5492624,742644208.1219366,-55937186.07840526,-0.07532164859921832,1.1397691389702567,0.11089104197156276,6.65,7.75,1.1
CMS.N,27046000000.0,53633850031.78729,0.0,12817421379.28455,-14228578620.71545,-1.1100968127420392,0.654720694807602,0.033173833341341365,7.25,7.75,0.5
NWN.N,4137588000.0,7338591011.671149,0.0,1810057168.2408698,-2327530831.7591305,-1.2858880219905844,0.8898536105772729,0.030622672382281873,6.15,6.8,0.65
AOFG.DE,336866385.30041945,21630377.82094662,178215086.64032078,1103307442.072455,766441056.7720355,0.6946758696128715,0.2757435021749781,0.48680043338652995,7.75,8.4,0.65
APP.OQ,8575433772.940613,303905718.4839305,2646109386.470307,17373942155.150574,8798508382.20996,0.5064198040743222,0.056760758121831976,0.20421501242694606,7.35,7.7,0.35
058970.KQ,129446369.74812773,12287153.086406,39940634.24060768,118633329.87831002,-10813039.869817704,-0.09114672816576376,1.1800107814642549,0.09808160741003424,6.95,7.55,0.6
ALUP11.SA,4009371553.770317,1734754446.176627,0.0,4092300183.576331,82928629.80601406,0.020264551984439546,1.0466760461350444,0.08484691677980419,7.25,8.15,0.9
SO.N,107258000000.0,0.0,0.0,72316992593.7888,-34941007406.2112,-0.48316455307368833,0.604503142444058,0.04719638145001041,7.55,7.8,0.25
NEE.N,157562000000.0,235980086203.9862,0.0,64957816232.99213,-92604183767.00787,-1.4256049408257991,0.5772983140481934,0.028858780266240905,8.15,8.5,0.35
CPFE3.SA,8924757166.331936,5269236529.005189,0.0,16050886371.92689,7126129205.594954,0.44397107053593016,0.6154535530198195,0.1579541705009827,7.95,8.85,0.9
NOW.N,39145100560.30606,5486949414.968527,15487050280.153027,38752621103.99014,-392479456.31591797,-0.01012781703881977,0.4440329821255747,0.11466217398121802,7.85,8.7,0.85
1663.T,459221337.40670234,0.0,4079229.188509173,523049839.5421321,63828502.13542974,0.12203139607365907,1.019681008011636,0.08504088597217298,6.8,7.65,0.85
NI.N,27698000000.0,50116500468.21118,0.0,15502356451.705526,-12195643548.294474,-0.7866961120580312,0.7103280555494333,0.0391784587919484,8.25,8.7,0.45
012510.KS,855090560.6014959,507817810.6715839,165447778.469452,767935166.5063069,-87155394.09518898,-0.11349316699702564,0.35577442350709243,0.08097331285602948,7.3,8.0,0.7
064400.KS,2732471547.7590256,1255459979.156561,659912507.8140236,3981465862.416317,1248994314.6572914,0.3137021282657156,0.6201273105254373,0.14215685446848636,5.95,6.9,0.95
ALRM.OQ,3416636661.48277,252657339.773874,1248351330.7413852,2510537119.7951107,-906099541.6876593,-0.36091859966667517,1.4824581953496043,0.07899371699401658,6.35,7.15,0.8
CPK.N,3212700000.0,0.0,0.0,2808631993.323999,-404068006.6760011,-0.14386648291283938,0.7060473250505366,0.05210125302680004,6.75,7.0,0.25
ALSTW.PA,68550975.62280285,0.0,34275487.81140143,17300961.958659887,-51250013.664142966,-2.962263820162329,0.2635941941687543,0.036847622123763225,6.75,6.85,0.1
NTGCLGAS.SN,2103462183.678005,3441985907.635572,0.0,3263731749.4863048,1160269565.8082998,0.3555039613751714,1.158287594975941,0.09635616022213732,6.6,7.3,0.7
NET.N,6164271844.0244465,1321364351.209853,2770499422.0122232,2278286561.680867,-3885985282.3435793,-1.7056613279922914,0.07703286178207248,0.046843219817089714,7.2,7.9,0.7
COCE5.SA,2098804293.912141,70641785.51298186,40560993.03969318,2645098582.16907,546294288.2569287,0.20653078563482083,1.30579687956541,0.09812688443877869,7.6,7.7,0.1
NEKG.DE,4085129332.7004685,153822296.5351523,1388859722.9021554,4996148113.147539,911018780.4470706,0.18234422995781344,0.5508447715234799,0.12970897518905328,7.3,8.1,0.8
ALTS.BU,266693158.8922169,0.0,0.0,778459296.3771386,511766137.4849217,0.6574089870422556,0.7930573888841028,0.17780117991904695,6.45,7.25,0.8
NTGY.MC,27920087382.40369,91114180303.23889,0.0,37750587204.87096,9830499822.467266,0.260406540674918,0.5954701237154706,0.07761567595307665,6.75,8.35,1.6
OGE.N,10691300000.0,23811143943.70431,0.0,5700203095.322573,-4991096904.677427,-0.8755998376220984,0.6879788150533636,0.03732139371943357,8.2,8.3,0.1
MSEX.OQ,892577000.0,1860972808.856274,0.0,430981475.72094065,-461595524.27905935,-1.071033328072646,0.6422069702636511,0.03379955264415938,7.65,7.8,0.15
MSABb.ST,51189108.86802084,0.0,25219513.66870989,68965775.64916144,17776666.781140603,0.2577607025196526,0.4263991085416029,0.185894476151457,6.9,7.3,0.4
OGS.N,6802647000.0,12433093895.95648,0.0,3405764336.0623455,-3396882663.9376545,-0.9973921647981787,0.8196811554118714,0.03504569670076431,7.1,7.1,0.0
LMN.V,1696961449.83,34193223.51959214,506766224.915,4092395219.8715324,2395433770.0415325,0.5853378379512254,0.4331777829300398,0.24068964434928392,7.8,7.95,0.15
LIF.OQ,1603296799.668419,5362433.952040697,619494899.8342094,321776975.4549926,-1281519824.2134264,-3.982633693418734,0.6154584565241508,0.022576456566700424,6.55,7.1,0.55
CLBT.OQ,1322396101.22525,100680317.689205,637564050.612625,1302464257.96376,-19931843.261490107,-0.015303178678124384,0.47963648301971434,0.1521499184272844,7.65,8.5,0.85
AUR.OQ,5775109846.825417,-29000000.0,2455554923.4127088,855048107.0997406,-4920061739.725676,-5.754134415213382,0.5207724476322991,0.018030539900044457,4.95,6.2,1.25
LGD1L.VL,339259833.4566554,718716293.7841995,0.0,140706130.93198788,-198553702.5246675,-1.411123319286215,0.5649310868859888,0.028443299464450233,8.6,9.2,0.6
KXS.TO,1282130237.6175065,155225622.672764,568633618.8087533,1316337717.1105418,34207479.49303532,0.025986856600996932,0.4880103505967662,0.12914376574282863,7.4,7.75,0.35
CSU.TO,33139486962.314922,1028784215.294613,13342243481.157463,56208622716.172554,23069135753.85763,0.41041987223821613,0.718153870166327,0.19270219974789038,8.3,9.05,0.75
AURE3.SA,6219899153.048208,11912342478.47258,11651877.0535909,1717802253.1662169,-4502096899.881991,-2.6208470105239536,1.019327335715736,0.027669681583213184,6.0,6.9,0.9
KVYO.N,3275759004.9520836,268440043.6379321,1572037002.4760418,817621329.8816516,-2458137675.0704317,-3.006450034059459,1.0108781479803393,0.033593211221394935,6.2,7.15,0.95
3788.T,349502647.4304645,0.0,161635166.67724943,164657111.49566874,-184845535.93479577,-1.1226088825180083,3.3558030444214353,0.06485755917856457,6.5,7.6,1.1
CHKP.OQ,8420092362.10891,340325344.5844412,3290396181.054455,12896290590.303587,4476198228.194677,0.3470919173890377,0.7048508123607458,0.2011236554388317,7.15,7.85,0.7
KTN.DE,3979098355.1734686,527815731.9558845,1402793954.0216737,3704471452.4990735,-274626902.6743951,-0.07413389634549053,1.9941955305985533,0.09294490998360708,6.0,8.7,2.7
015360.KS,580596572.7264531,1092670067.159359,2177363.217951403,131158418.31889412,-449438154.4075589,-3.4266817194669903,1.406673842837062,0.016779738286778857,7.15,7.65,0.5
XEL.OQ,58649000000.0,117233791787.9044,0.0,18779202198.809814,-39869797801.190186,-2.123082619756714,0.6961949372560937,0.022413752219418694,7.7,7.85,0.15
IXXG.DE,602008722.9951378,0.0,168364567.26903573,670951646.3873742,68942923.39223635,0.1027539372821393,0.9096455924642821,0.10083634737755814,7.95,8.75,0.8
CSMG3.SA,2812174730.691984,1663771186.706002,0.0,3296346932.5817537,484172201.88976955,0.14688144536732906,0.514421824769679,0.1067614427923086,7.65,8.0,0.35
IVUG.DE,425060810.18200827,35351514.74397218,184868119.2894702,483107118.2174181,58046308.03540981,0.12015204464299899,1.1359983867781418,0.14079320294700048,7.6,8.3,0.7
LUSURC1.LM,2915248319.75257,6274413177.716527,0.0,3820127793.85242,904879474.0998497,0.23687151920834595,0.9115598015398882,0.07702023042768065,8.25,9.15,0.9
3673.T,593839504.1501075,28989363.25612618,218317556.09675843,154254542.3340565,-439584961.816051,-2.8497375517414434,1.3121241581796232,0.03020233386083032,7.0,7.9,0.9
APPF.OQ,1966742728.8805017,68121942.49221449,837693364.4402508,2384174687.7318015,417431958.85129976,0.17508446885174597,0.4019414340235092,0.14781659101678543,7.25,8.05,0.8
SPSC.OQ,2086076375.5484996,172389829.1236316,631769187.7742496,2261533767.118663,175457391.57016325,0.07758336139889128,1.0927328770247655,0.10885414376627577,7.55,8.45,0.9
MGEE.OQ,2099281000.0,5010261389.160383,0.0,1375721419.8656473,-723559580.1343527,-0.5259491999514083,0.5488793427071095,0.04221517849830555,7.5,7.5,0.0
AQN.TO,11509400000.0,0.0,0.0,5492970253.409672,-6016429746.590328,-1.0952962548551446,1.0336753984719262,0.03340816356531853,6.1,7.1,1.0
CMIG4.SA,8619526131.532572,3793292202.292211,983259.302896998,9970112548.365088,1350586416.8325157,0.13546350758637993,0.9015796630826333,0.1033091089329956,7.15,8.15,1.0
METRm.BA,639702274.2935908,1135911125.225404,0.0,822826025.0546832,183123750.76109242,0.22255464118180077,1.7919889377077578,0.09003848206954063,7.75,7.85,0.1
ARTNA.OQ,432100000.0,1558830121.648938,0.0,284518920.8139196,-147581079.1860804,-0.518703918754848,0.8295512723280977,0.045348639816451285,7.45,8.05,0.6
MDU.N,5455514000.0,0.0,0.0,2137600131.4432282,-3317913868.5567718,-1.552167694860984,0.7744061710343418,0.027427664781178453,7.0,7.45,0.45
4493.T,31148453.948177338,0.0,15574226.974088669,26737163.517025184,-4411290.431152154,-0.1649872256772195,0.3640306102586318,0.12704001961391984,6.8,7.5,0.7
ASCI.MI,1764287140.457815,669465078.7574308,0.0,940095253.27813,-824191887.1796849,-0.8767110399778236,1.1708659854880783,0.04338788903303903,7.05,7.8,0.75
3663.T,89059828.46723536,0.0,43739256.716860585,136759260.37145606,47699431.9042207,0.34878392713343725,0.23912124986101244,0.22330224171110685,6.75,7.45,0.7
MANH.OQ,1595650313.4435372,165649722.8411882,804816156.7217686,3089433384.23579,1493783070.7922525,0.48351360427917384,0.20066849699896738,0.2734585185255093,7.5,8.1,0.6
ASEP.WA,519851363.8455566,199096902.545197,101070181.2392034,939841749.5064479,419990385.6608913,0.44687351448416357,0.622667838001876,0.15627084627210036,6.45,7.7,1.25
LWSA3.SA,718059978.5075228,124968979.2492642,169263876.4182673,345330895.0847853,-372729083.42273754,-1.0793389433957987,1.940002403920724,0.06292517271353015,5.75,6.25,0.5
CRWV.OQ,26153282955.0,43966782467.11051,2176141477.5,-1371471910.2978373,-27524754865.297836,20.069499534496767,0.35992757076455917,-0.00400393991130833,5.4,5.6,0.2
004690.KS,1360436974.801053,7978240736.858627,5554239.87603906,-75069123.25547104,-1435506098.056524,19.12245722081088,3.4042125138060157,-0.004100070786725543,7.25,7.85,0.6
LNT.OQ,19161000000.0,35110648224.81984,0.0,8003861879.451512,-11157138120.548489,-1.3939693473712298,0.6244057617096977,0.029240140470831687,7.65,8.45,0.8
HTO.OQ,3466932000.0,6665750342.327785,0.0,1252524497.475349,-2214407502.524651,-1.7679554427782622,0.8018653524214153,0.025289424431536135,7.55,7.9,0.35
IDR.MC,17428534199.48482,15428686523.60721,7187153302.953481,12782677159.602907,-4645857039.881914,-0.3634494544354304,1.428691713845236,0.08368950104991514,6.8,8.55,1.75
CDNS.OQ,18902501714.760418,0.0,7051850357.380208,24918863106.45608,6016361391.695663,0.2414380369599173,0.18677641831298286,0.14719194454789342,9.15,9.75,0.6
ENGIE.PA,89690606921.57635,263239892990.1031,202760914.7186785,66291158388.96432,-23399448532.612038,-0.3529799312800576,1.1315173368508593,0.05407722700157015,5.3,5.9,0.6
SBSP3.SA,12830384151.90797,326098387.6185005,0.0,18957345452.92073,6126961301.01276,0.32319721747059205,0.5226202323397093,0.13549649297277072,8.85,9.55,0.7
QTCOM.HE,757034664.707963,48622147.58238092,194930895.4184728,1194966772.4318798,437932107.72391677,0.36648057320680144,0.9160559471368739,0.13550451524627016,7.0,8.0,1.0
TRUEb.ST,196810673.1406392,0.0,79075300.69685479,624316636.5633875,427505963.4227483,0.6847582434708084,0.6711860131877192,0.37118975930792414,5.35,6.5,1.15
ENGI4.SA,10198712088.712898,897352249.6925337,35733440.74132863,12310545823.009089,2111833734.2961903,0.17154671812756317,0.9026623717347357,0.096578662754821,7.4,8.4,1.0
AIP.OQ,353181921.2498594,15101568.79465608,210397460.6249297,4428489.989236268,-348753431.2606231,-78.75222301694052,0.17972577393421155,0.002171064679516076,6.9,7.8,0.9
QLYS.OQ,1607544143.5494256,561791112.0928268,746165071.7747127,2576915009.447914,969370865.8984885,0.37617494653274164,0.43558756051226744,0.20941308719017973,7.0,7.7,0.7
ENEV3.SA,7816948701.041998,10050642267.57961,40416654.70211555,6934390883.979025,-882557817.062973,-0.1272725797880826,0.5940455343045538,0.07983011300228113,5.45,5.85,0.4
EDSP.PA,101391737.6181261,0.0,50695868.80906305,893564637.0206579,792172899.4025319,0.8865311658301648,0.06175168778781104,1.2866969249148492,7.0,7.45,0.45
AKAM.OQ,16118954956.623821,8880583967.173983,4111380978.3119106,10416039988.049326,-5702914968.574495,-0.5475127759798966,0.72368553320471,0.056849460777497834,5.65,6.1,0.45
TRN.MI,9178321898.573938,0.0,1173680.809231746,16973941211.470894,7795619312.8969555,0.4592698428594014,0.23944217076990665,0.1517753955933919,8.2,8.6,0.4
QTWO.N,2294681690.0099244,192082132.5548684,881098845.0049624,255231905.39584002,-2039449784.6140845,-7.990575400246669,0.8591529632714212,0.012396664835167851,6.8,7.5,0.7
ENELGXCH.SN,3056612042.8006897,29962704952.40855,14569021.40034481,5979861887.225659,2923249844.4249697,0.4888490569773349,0.5753378071205675,0.13405558384152885,5.25,5.5,0.25
CCSI.OQ,1333785188.9850063,222327225.2695876,418164094.4925031,1985467300.828166,651682111.8431597,0.328226061225654,1.1744864360559537,0.12326319040855058,6.2,7.15,0.95
BSY.OQ,5997403680.211797,168316490.2989455,1841138840.1058986,5717718326.593861,-279685353.61793613,-0.0489155529605372,0.6082581530037343,0.09053665808330062,7.8,8.75,0.95
ECL.SN,4153634856.0,12675377539.15251,10322928.0,2724575616.5252957,-1429059239.4747043,-0.5245070941716828,0.9178347450976407,0.04603087975778654,6.65,6.9,0.25
SAPR4.SA,2580301990.140586,162850678.7851758,0.0,3298351243.119651,718049252.979065,0.2176994504381282,0.9412011077915687,0.12015058144124637,8.35,9.15,0.8
AES.N,40298000000.0,59653903327.79913,0.0,25881757288.20908,-14416242711.79092,-0.5570040144978298,1.0349478152267726,0.04495813713272708,4.75,5.3,0.55
ENGIEC1.LM,1615041000.0,0.0,0.0,1029152795.0530614,-585888204.9469386,-0.5692917589722246,1.341385885432646,0.043375645460373036,5.35,5.6,0.25
TYL.N,5844705467.154554,478534907.2909594,1319726733.5772772,6021280461.668417,176574994.5138626,0.02932515693928265,0.4794880796035948,0.09314731784022671,8.4,8.85,0.45
ETR.N,46140403000.0,0.0,0.0,25250470570.158054,-20889932429.841946,-0.8273086385380257,0.8965934127659049,0.03830770485275267,7.85,8.2,0.35
017390.KS,363433965.0157816,1609240713.223257,589584.0077070036,-168917591.29162675,-532351556.30740833,3.1515459830843384,-2.044106682322978,-0.03444975975885985,7.0,8.0,1.0
ES.N,45544286000.0,73104756247.71121,0.0,31133708967.415257,-14410577032.584743,-0.46286091540416685,0.8086496483266643,0.04785143909642294,6.9,7.5,0.6
CDZI.OQ,87413000.0,144740971.4466939,0.0,-2208923125.317324,-2296336125.317324,1.0395726763861204,0.23386832096875315,-1.7688972895589068,5.1,5.9,0.8
EQTL3.SA,13311124446.70263,2010206969.634863,41893883.01901811,17983417847.020985,4672293400.318356,0.2598112016338617,0.7201610148903577,0.11160331397386984,7.95,8.3,0.35
OTTR.OQ,2495159000.0,5420581380.68785,0.0,3246005280.446011,750846280.4460111,0.23131394300838676,0.5608443834169555,0.08429408298572809,6.1,8.55,2.45
EDP.LS,42651956120.87901,94410248734.9894,0.0,23070656768.826157,-19581299352.052856,-0.8487534424469338,0.9627000616391959,0.03786335072747769,7.1,7.7,0.6
TXNM.N,9077781000.0,15051455202.56057,0.0,3057019460.7720895,-6020761539.227911,-1.969487475132818,0.761680768502506,0.023573091513669066,8.2,8.45,0.25
EQMA5B.SO,1450959466.86142,0.0,0.0,2315029589.191849,864070122.3304293,0.37324366235511763,0.9074331344775332,0.1365600778683469,7.9,8.35,0.45
SHFG.DE,1018609875.2225232,35847300.24084204,385214290.11234826,989788532.0402974,-28821343.182225823,-0.029118687728999084,1.3877186300095063,0.1070568163836578,7.15,8.05,0.9
ENMT4.SA,2152262588.4184127,28542413.58214279,8557896.363668896,3475665771.299245,1323403182.8808322,0.3807624984568434,0.7069770289528078,0.13497802040825213,5.35,6.1,0.75
AEE.N,33184000000.0,75721606095.60243,0.0,12247917478.502348,-20936082521.49765,-1.7093585548926864,0.658493461385645,0.025836373658846563,7.25,7.7,0.45
TAEE11.SA,3257591382.143504,0.0,0.0,3954387790.245084,696796408.1015797,0.1762084158312642,0.7161042454462934,0.10307472773432526,7.35,7.95,0.6
PUNTILLA.SN,67615293.52901936,0.0,0.0,171985905.884619,104370612.35559964,0.6068556130734297,0.433000070404245,0.17805163275311947,4.95,5.4,0.45
TVE1T.TL,56.8023901094,0.0,28.4011950547,190359298.82057056,190359242.01818046,0.9999997016043322,2.207642802265381e-07,469175.71221126535,7.9,7.9,0.0
DGCU2m.BA,126743436.9400414,815037294.558963,0.0,205240907.60014454,78497470.66010314,0.38246503378865326,1.299381486802793,0.11335390517148956,7.1,7.25,0.15
ALA.TO,14138735062.66394,16618653362.13129,0.0,7853507229.891233,-6285227832.772707,-0.8003084034672435,0.7364967263271407,0.038882226992434106,6.6,7.5,0.9
079940.KQ,563435060.077946,364338807.3517883,145911296.74139082,387152627.2677204,-176282432.81022555,-0.4553305864261235,1.9323163627860738,0.06674123726184304,6.15,7.0,0.85
ENELDXCH.SN,783797931.9546361,2765154328.392555,0.0,544526626.7901461,-239271305.16448998,-0.43941157951253357,1.3331012301467757,0.048488796588822256,7.75,8.2,0.45
ROGREEN.BX,159162361.6236167,0.0,0.0,6959162.102043515,-152203199.5215732,-21.87090878036591,0.8846206331944851,0.0030526299319432668,4.0,5.6,1.6
AWK.N,26693067673.545837,50386007000.61739,33836.7729180506,14804468354.745829,-11888599318.800009,-0.8030412868550536,0.653497243761,0.038823342118742624,8.5,8.85,0.35
RENE.LS,4756859636.141546,227049680.5205513,0.0,7469544604.30693,2712684968.1653833,0.36316604450039064,1.7279658639565478,0.10991876201871736,8.75,8.75,0.0
AWR.N,1916137000.0,0.0,0.0,2247007227.9006605,330870227.9006605,0.1472492939908283,0.4831268859658688,0.07350603051084521,8.15,8.5,0.35
TOTS3.SA,3427242011.993835,247087761.3680139,1213981330.9923549,1989021113.3786213,-1438220898.6152136,-0.723079754629754,1.005244436997733,0.0894665585593434,7.75,8.25,0.5
ELI.BR,25591416792.9248,44017979836.92597,0.0,9700005961.642735,-15891410831.282066,-1.6382887695247141,1.511865752710732,0.026532349608041753,8.5,9.2,0.7
DTE.N,38371000000.0,0.0,0.0,22692513798.66037,-15678486201.33963,-0.6909100657797196,0.675536088910753,0.04139782559501253,6.55,7.15,0.6
EMA.TO,24866656951.32613,0.0,0.0,15346071171.917986,-9520585779.408144,-0.6203923905181681,0.7893784590475074,0.043199412938254696,7.05,7.15,0.1
ELE.MC,22653433201.639,158510338723.8038,121450166.7028004,35809729870.79828,13156296669.159279,0.367394468392453,0.39913370056134956,0.09872770686584129,6.95,8.65,1.7
BEPC.N,23964000000.0,0.0,0.0,11417096699.79323,-12546903300.20677,-1.0989574346369513,1.105534365004375,0.03334989020971149,7.15,7.95,0.8
EKTR3.SA,1829888371.3126118,0.0,27260.3322226713,2675631384.6749506,845743013.3623388,0.31609100498912107,0.5889063466662633,0.12346177623445777,7.6,8.05,0.45
RWEG.DE,54071821621.156044,204388780205.7442,145268009.6431248,4283624854.809971,-49788196766.34607,-11.622912475736571,0.9588289397972243,0.00556040984923393,5.25,5.5,0.25
TOI.V,4840686170.465158,307061183.7299688,1688623507.580864,9149092250.271008,4308406079.805849,0.4709107703748674,0.8090563787219226,0.19251332684839717,7.9,8.2,0.3
EIX.N,59474000000.0,91538308167.22368,0.0,37662405811.61433,-21811594188.385674,-0.5791343839659712,0.8749515261362947,0.04432808297429134,7.6,7.95,0.35
BEP_u.TO,68798000000.0,0.0,0.0,17175777953.658113,-51622222046.34189,-3.005524534936558,1.566929571128203,0.017475863495393297,7.15,7.75,0.6
022100.KS,559627672.3871057,207946516.1489017,179277510.90459287,319901546.98548484,-239726125.40162086,-0.7493746987491066,0.21167337241348896,0.06223926495694224,6.05,6.3,0.25
CBEE3.SA,2575955084.900488,80739809.43199731,0.0,2295726819.442864,-280228265.45762396,-0.12206516171015107,1.3344140209662148,0.07603679788486188,7.0,7.25,0.25
BIP.N,103825161335.7314,87824629721.50394,866580667.8656954,69436737424.68292,-34388423911.04848,-0.4952482675089556,1.2587279055169323,0.047208999854101846,7.45,7.9,0.45
CBRAIN.CO,118735483.92407832,43054361.0351252,35464664.28892986,214491609.0464604,95756125.12238207,0.446432965597459,0.7552994705494103,0.18030821239706726,7.55,8.5,0.95
REHN.S,2993474693.929072,7402247195.423241,0.0,17023142.527635768,-2976451551.4014363,-174.84736126537126,1.4483893646172408,0.00039807250729434045,7.25,8.7,1.45
TENB.OQ,3286713917.688056,158418260.7288174,1502905958.8440282,1416305736.290419,-1870408181.397637,-1.320624589360628,1.088097152367619,0.0555785173223336,6.6,7.35,0.75
ALBFR.PA,103641791.4996509,0.0,51820895.74982545,-21207680.475703232,-124849471.97535414,5.886993257861889,0.3522065125865864,-0.029875220262504838,6.95,7.35,0.4
ENELCHILE.SN,7917831000.0,22642965915.34557,0.0,8371560768.737488,453729768.7374878,0.054198945844349956,0.9513313892477004,0.06422634147944016,7.25,8.2,0.95
CCC.OQ,5700982097.836725,435315810.7739002,1348779548.9183621,3557023404.9795375,-2143958692.8571877,-0.6027395517993566,1.4758314147474687,0.048974513237098546,8.25,9.0,0.75
EGIE3.SA,7297991767.547663,11276626293.90924,32965301.33819095,8225157824.805032,927166057.257369,0.11272319352478158,0.5853435473188177,0.09784414135875061,7.35,7.8,0.45
ALFAAL.L,313877367.3617495,27787858.42694436,133630544.6943072,584258761.7294794,270381394.36772996,0.4627767901458029,0.546734442832123,0.23662491784913978,7.85,8.65,0.8
RDVT.OQ,211992784.654239,5975082.562876516,77311892.32711948,197566352.15688798,-14426432.49735102,-0.07302069578070132,0.2811567045772108,0.1026845338787335,6.85,7.1,0.25
ENELAM.SN,24001669089.588722,33250523614.89145,354044.7943604327,38687380148.47437,14685711058.88565,0.37959952321725715,1.5926442452313994,0.08891970156910264,7.5,8.25,0.75
TRANm.BA,530644639.5589244,2651230611.063357,0.0,930371879.3076581,399727239.7487337,0.42964243507251443,0.9799329741602465,0.12273002815155033,8.3,9.1,0.8
018260.KS,7102823777.597865,4506678484.585353,2022161965.5849335,6707411075.08798,-395412702.50988483,-0.058951613086379716,1.1554556960137754,0.09769365447291206,5.5,6.65,1.15
ROPE.BX,911995114.1021571,0.0,0.0,2471074043.837637,1559078929.7354798,0.6309316928901868,0.6110239835168706,0.1896667870188379,6.8,8.1,1.3
ALKT.OQ,1683460209.8991146,60190646.97486133,534636604.9495574,-85292463.53813173,-1768752673.4372463,20.73750247167488,0.8601234509426143,-0.005197031486771526,7.1,7.55,0.45
REDE.MC,14912009121.066776,47882888752.93679,7157914.302927175,6536035857.049548,-8375973264.017228,-1.2815066268314892,0.9305999994353568,0.030696214517448108,8.75,8.75,0.0
ENAG.MC,5717400850.13395,26587506235.71729,65816101.047384486,1032696482.550418,-4684704367.583532,-4.536380675969638,1.0698337796881041,0.012790882024765337,6.85,7.45,0.6
SAPG.DE,149958370570.90048,0.0,49756912168.45879,159770478450.82114,9812107879.920654,0.06141377290136184,0.7426698281432104,0.11161447817095795,8.25,8.9,0.65
AVA.N,5886008495.477343,0.0,4247.7386711878,3127550789.3195367,-2758457706.157806,-0.8819865421779338,0.8919913261964426,0.037194766778579406,7.15,7.5,0.35
TCX.OQ,737573669.8326912,9202284583.705593,233677834.9163456,97920623.74657597,-639653046.0861152,-6.532362863022329,1.262896928189073,0.01360289803426984,5.95,7.0,1.05
ADMCM.HE,96940407.515422,0.0,33128958.44100852,210803432.93532553,113863025.41990353,0.5401383831108514,0.7563191180970037,0.23124753503505077,6.9,7.5,0.6
TGN.BX,2079463467.8402069,0.0,43159105.6913238,2742726956.596852,663263488.756645,0.24182629158959945,0.44536777864254756,0.08793858413342029,8.15,8.6,0.45
PPL.N,33408000000.0,58634380935.91396,0.0,17016043193.02684,-16391956806.97316,-0.96332364821985,0.7301240803612085,0.03565382613481438,7.65,8.7,1.05
CEEB3.SA,4740357845.363152,0.0,36419565.36917703,7476239598.837059,2735881753.4739075,0.36594356257649613,0.9706870456205117,0.12335352975606352,7.65,8.0,0.35
PCG.N,93524000000.0,170047962643.7415,0.0,31907175783.949413,-61616824216.05058,-1.9311274878501252,0.9575652317101151,0.02388159515072558,8.05,8.85,0.8
036460.KS,31846412346.635406,61555453456.15221,108932756.2639947,8328252807.344408,-23518159539.291,-2.8239007728669234,1.1963504811872943,0.01941838846996716,7.15,7.5,0.35
9543.T,90455779.58697224,0.0,57126.946374716,-292240.3975870249,-90748019.98455927,310.52524132135375,0.1735574522788945,-0.00020800007301410278,6.95,7.75,0.8
H.TO,22372486155.63974,56909978680.9435,0.0,13612724713.950548,-8759761441.689192,-0.6434980230454556,0.5847254741765109,0.04259208043967568,9.25,10.05,0.8
SVCO.OQ,349656012.637856,16603059.65114644,140745006.318928,196547063.97537,-153108948.66248602,-0.7789938224753774,0.9086509203220594,0.06585720264672028,6.0,6.95,0.95
VITb.ST,1308483125.0286076,70772067.72154531,248439627.5213696,2202928930.139749,894445805.1111414,0.40602572006460497,1.0692026143801496,0.12418840380580054,7.15,8.0,0.85
PCOR.N,4854862942.227699,168271664.2326422,2162579471.1138496,119670778.0294607,-4735192164.198238,-39.56849150786437,0.9475887748377714,0.0031114682209138034,6.7,7.35,0.65
CWT.N,3177851000.0,0.0,0.0,1725886392.8567383,-1451964607.1432617,-0.8412863170790326,0.7428476943278016,0.038016901201463414,7.75,8.0,0.25
CEZP.PR,21170650002.7647,81679040050.91515,62474950.2800336,27638121302.479702,6467471299.715,0.23400546039049103,0.5243195061025965,0.08307097162563218,7.65,9.0,1.35
BL.OQ,2463430142.8968997,114755554.4574901,987037071.4484496,1033554594.0296329,-1429875548.8672667,-1.3834543014244207,1.4074777222229018,0.04900376666702642,6.65,7.45,0.8
VIE.PA,34494125259.47609,60178485176.75665,3131830.964187215,52704825511.83625,18210700252.36016,0.34552244648396513,0.6337519237404824,0.08797727706302383,6.95,7.65,0.7
BKWB.S,8068534645.967436,18084918164.53743,0.0,8283517657.697381,214983011.72994518,0.02595310598875518,0.7894871171051006,0.06511504777073385,6.85,8.6,1.75
030520.KQ,782595829.8605837,217203549.6201892,260459360.67936707,380803510.56643236,-401792319.2941513,-1.0551171618573023,3.148777201384014,0.0539695298934115,6.35,8.2,1.85
CY4.MI,136073868.63233167,0.0,65192957.71209973,399035277.79006886,262961409.1577372,0.6589928855765989,0.5244311944081662,0.4732680779340693,6.55,7.6,1.05
A2.MI,13914238398.92887,0.0,0.0,14882713648.759178,968475249.8303089,0.06507383483193295,0.9585820204644708,0.07337393917906762,6.8,7.85,1.05
CEPUm.BA,1909911604.6826708,4639539352.918407,38.0408549494,3161995074.312444,1252083469.6297734,0.39597894373761194,0.7274461499244308,0.11259191250852822,6.05,6.65,0.6
GWRS.OQ,217413000.0,857594605.9821095,0.0,36116041.68821468,-181296958.3117853,-5.019845748238401,0.6543965184518145,0.01162820492875324,8.25,8.7,0.45
VRNS.OQ,2840129395.111102,173813729.4767194,1355090197.555551,73066516.89638513,-2767062878.214717,-37.870463732911475,0.7011586212914831,0.003128224588565929,7.45,8.05,0.6
9539.T,701569542.9738669,0.0,503890.5421519642,-59640.309843110794,-701629183.28371,11764.345039947122,1.988225951881848,-6.295249115517139e-06,6.95,7.75,0.8
ROTEL.BX,1269214277.4094057,1846779087.537022,358.2618978851,927201555.6169113,-342012721.7924944,-0.3688655608056407,0.9968312834039688,0.051137249532196984,8.0,8.6,0.6
298830.KQ,250791606.6012731,44157436.06182751,89258234.9783062,256126860.4575228,5335253.85624972,0.02083051284320311,1.724688242815076,0.11733419220701692,7.45,8.25,0.8
IDCC.OQ,1842983295.5361433,66594910.81384787,755177647.7680715,4428287942.5160055,2585304646.979862,0.5838158404647414,0.2719377837447538,0.284959134577145,6.8,7.6,0.8
CGE.SN,2995433869.50865,3789359207.30205,5.6905061176,1503500752.3590243,-1491933117.1496255,-0.992306199254474,1.6103329451478323,0.03513516153248685,7.65,7.95,0.3
ED.N,46961911439.794846,0.0,28455719.89742351,32165217529.549683,-14796693910.245163,-0.46002157133405586,0.7077857262186,0.0479735658185069,8.0,8.35,0.35
PAMPm.BA,4454585113.714676,6366381529.058852,0.0,5253364490.1776085,798779376.4629326,0.15205100996826645,0.8085844093444008,0.07503653122949924,6.65,7.35,0.7
CWAN.N,4308038779.889193,96744527.11135015,772774389.9445964,2784518261.9793572,-1523520517.9098353,-0.5471397112787655,0.533741542679261,0.052716921580127314,7.8,8.55,0.75
IDA.N,7048806000.0,13796016293.18044,0.0,2789818423.86502,-4258987576.13498,-1.5266181984111247,0.8888133528143135,0.027705016944791983,7.55,8.05,0.5
IBE.MC,126520044325.45897,286122209014.6956,1371199828.538774,106388047487.26593,-20131996838.19304,-0.18923175407089532,0.5719770292528654,0.05128494467480144,8.45,8.7,0.25
4375.T,203721173.23517928,505113.9822148483,94150315.31213157,74611773.37119159,-129109399.86398768,-1.7304159119991942,1.1303870786315688,0.05038996074435962,6.65,7.2,0.55
VST.N,25348000000.0,35140597384.47643,0.0,39613694632.791245,14265694632.791245,0.36012027570340416,0.33011826750529455,0.09735872954901317,7.25,8.5,1.25
CGAS5.SA,1487045280.262915,0.0,0.0,3754914280.9705033,2267869000.707588,0.603973574630159,0.3189448580068884,0.2268386034852948,7.95,8.3,0.35
IAM.SN,3159979862.13031,7556563968.24849,0.0,2431932255.4576354,-728047606.6726747,-0.29937001947271447,1.3534536880711676,0.05328137150560025,8.85,9.0,0.15
HYSG.BR,306523529.5590943,8547799.814560952,92967906.2121959,252395392.0645194,-54128137.494574904,-0.21445770880293338,2.1601685508337356,0.08627664929609784,6.45,7.15,0.7
VRSN.OQ,1121838843.5366068,1279813159.113727,1034169421.7683034,8153119478.62752,7031280635.090913,0.8624037282321962,0.04283802774472378,6.346781169230495,9.45,9.45,0.0
HUBS.N,9402916089.940235,602866217.3550519,4520233044.970118,8575666229.785121,-827249860.1551142,-0.09646479212097815,1.3081513277677166,0.12294401060977171,5.95,6.45,0.5
CWCO.OQ,102964452.0,228155266.2409529,0.0,215832525.55508655,112868073.55508655,0.5229428385031775,0.28062619040909664,0.14673294030502934,7.45,7.9,0.45
PAR.N,1828075366.9508102,75536320.18219304,351582683.4754052,109435938.8952347,-1718639428.0555754,-15.70452490658361,1.9281664436369792,0.005188319460300283,6.2,7.1,0.9
VIA.N,1406749819.4466403,54301415.67175965,574963909.7233201,-850131082.367432,-2256880901.814072,2.6547446018902696,1.5362647123949853,-0.07154386131103735,6.35,7.05,0.7
ADEA.OQ,2296905700.5573435,44554323.62385497,767321850.2786717,1562162627.3413208,-734743073.2160227,-0.47033712134472083,0.6040140550307241,0.06873479124048783,5.6,6.05,0.45
PEG.N,41241000000.0,0.0,0.0,29588060132.76197,-11652939867.23803,-0.3938392653979731,0.6417890229505558,0.04935778876255719,8.1,9.25,1.15
VERX.OQ,1847721957.464882,557214643.8481421,782612478.732441,1281773353.9690113,-565948603.4958706,-0.44153562854416556,1.0213637129042907,0.08304216927556611,7.5,8.3,0.8
ACOx.TO,14821480617.89566,32256471357.54629,0.0,8724296814.598475,-6097183803.297186,-0.6988739531528423,2.89199471827716,0.04120376315740849,7.55,8.35,0.8
UTL.N,1510837000.0,2815838179.059813,0.0,762083097.4596866,-748753902.5403134,-0.9825095255834901,0.8216665834670676,0.03530878368889435,7.25,7.4,0.15
FE.N,41738000000.0,79011566724.59004,0.0,22472969924.299156,-19265030075.700844,-0.8572534088994757,0.7715561701479171,0.0376900640831123,6.95,7.55,0.6
DDOG.OQ,10013357606.79564,818859026.0871346,4886269303.39782,12128378474.19602,2115020867.4003792,0.1743861202798243,0.13244842005965415,0.16558842815932812,7.55,8.35,0.8
307950.KS,1506348981.447136,603341635.2091064,329082497.6100168,2332855343.1446567,826506361.6975207,0.3542895894193772,0.16120270770069983,0.14663739923185398,6.2,7.1,0.9
ACPP.WA,4597245724.9132395,0.0,1058688150.813527,6935604575.882939,2338358850.9697,0.3371528502505514,1.0268184963535092,0.13253661708456344,6.35,8.25,1.9
SHOP.OQ,23711557917.351364,421204918.5252131,8008278958.675684,15719367850.243986,-7992190067.107378,-0.5084294828677433,0.16980003903657723,0.07007171893288945,7.0,7.35,0.35
117580.KS,269653539.0462482,973831291.3464763,63434.9194072965,51254275.697171964,-218399263.34907624,-4.26109354543326,1.6214508728317454,0.01406882650190388,7.1,8.0,0.9
PNW.N,17823441000.0,-165391000.0,0.0,11524866619.650911,-6298574380.349089,-0.5465203709698007,0.7701763919305022,0.04526290200503729,8.25,8.35,0.1
EXOD.A,570243350.4208,1382634.286608852,163996675.2104,901362470.7204429,331119120.2996429,0.3673540124595884,3.6784189064509967,0.15531295835899006,4.4,4.75,0.35
ACSO.L,654765738.197647,0.0,243989869.0988235,204016299.28421164,-450749438.91343534,-2.209379547099342,5.31811695417816,0.036256243290095705,6.5,7.2,0.7
TA.TO,4059163383.516649,18937392109.68489,0.0,-290777937.3185541,-4349941320.835203,14.959667713956371,0.5635650842776471,-0.0050144460050447,5.95,6.4,0.45
EXC.OQ,80014000000.0,123067898396.654,0.0,40195986899.99241,-39818013100.00759,-0.9905967279538324,0.8232920650841629,0.03516533460393767,8.15,8.4,0.25
DEHr.AT,15282471841.4902,23817968833.2386,0.0,21398400030.506382,6115928189.016182,0.285812405614302,0.6483631760154098,0.08118003490830025,6.85,8.7,1.85
POR.N,8990000000.0,0.0,0.0,6989933273.64535,-2000066726.3546495,-0.2861353103177173,0.8359581194964495,0.050886146827935796,7.75,7.75,0.0
U.N,12914408314.257153,342348827.2171255,4619380657.128576,-62221221.877752066,-12976629536.134905,208.55632764059962,1.072185023110036,-0.0005250718516531564,6.25,7.7,1.45
EVRG.OQ,25851500000.0,59486205462.19801,0.0,9935421783.375517,-15916078216.624483,-1.6019529481129953,0.7456326336357223,0.026902869266243204,7.85,8.2,0.35
PLUZENC1.LM,1879106048.890742,4567761634.810493,0.0,2179944495.175721,300838446.2849791,0.13800280096614528,0.989398743507193,0.06717927176362949,8.4,8.4,0.0
GBANm.BA,256791835.28601,2674808424.730145,0.0,181446883.72379586,-75344951.56221414,-0.41524522227070365,1.5649880621680163,0.049461392908069904,6.5,6.65,0.15
CEG.OQ,21298000000.0,75089100805.84428,0.0,18203559258.09095,-3094440741.90905,-0.16999097253651982,0.20839077470628145,0.05831346921442887,7.9,8.8,0.9
FIG.N,5954911519.367589,0.0,3057894259.683795,2086179952.4343557,-3868731566.9332333,-1.8544572640623953,0.8054257541719864,0.05040791392673449,6.85,7.8,0.95
D.N,81068000000.0,0.0,0.0,50015367098.01823,-31052632901.981773,-0.6208618411442627,0.7439983642592268,0.04318690108133019,7.3,8.1,0.8
FTS.TO,43636694841.15421,65367890368.59101,0.0,24161220755.9175,-19475474085.236713,-0.8060633310701751,0.8067663554319503,0.038758330782631974,7.8,7.95,0.15
ABSP.WA,164453541.0473864,57177127.19926373,27944523.93459111,544227362.638639,379773821.59125257,0.6978219907024745,0.20659608930929926,0.27907251982648634,6.8,7.35,0.55
DAST.PA,28797649020.305798,2866399180.458947,9706894463.055649,27451935506.77294,-1345713513.532856,-0.04902071524978053,1.1208035571703936,0.10497182214483836,8.1,9.05,0.95
FTNT.OQ,11111740898.828102,2492222248.606956,6230220449.414051,25803400346.569626,14691659447.741524,0.5693691238524954,0.1053385204345135,0.37001545788396406,8.05,8.55,0.5
VERB.VI,16368376596.117682,59596696096.92297,60067113.69840331,20933869256.509148,4565492660.391466,0.21809119969409757,1.1935100008571076,0.08002635388092727,8.25,8.6,0.35
SWX.N,6911008000.0,0.0,0.0,3315899212.133161,-3595108787.866839,-1.0842032757545905,0.738112154783737,0.03358597542490492,6.45,7.05,0.6
ACIW.OQ,5246649023.244375,251961608.6537212,1553212511.6221876,4917689287.143116,-328959736.10125923,-0.06689315182260432,0.9962508287218783,0.08732386194438603,7.35,8.25,0.9
FROG.OQ,1923155286.3078537,38047235.76527438,870061143.1539267,741722489.69251,-1181432796.6153436,-1.5928232095336907,0.21583600589875498,0.049302880104316237,7.15,7.95,0.8
AC5.MI,824828454.8904403,0.0,70288.4249835557,620121158.602925,-204707296.2875154,-0.330108549672296,1.1946650065319089,0.05638358752659315,6.85,7.35,0.5
071320.KS,4452388582.650948,11624987121.29709,31861728.55256994,-242140630.99300158,-4694529213.6439495,19.387614521330097,1.2864251905499426,-0.0040534550031902945,6.9,7.95,1.05
CEGR3.SA,470844805.5504834,0.0,0.0,1043241881.9454746,572397076.3949912,0.5486714886556938,0.22242597996471297,0.2162857096023158,7.6,7.75,0.15
FORTUM.HE,12570607699.597837,24590450229.44612,143871201.1959569,13230845391.131224,660237691.5333862,0.04990139874024607,0.5425096128048831,0.07015072295132418,6.6,7.1,0.5
ACE.MI,9556348730.958504,0.0,0.0,5030349917.475589,-4525998813.482915,-0.8997383656670597,0.8314196904544778,0.04474300331885636,7.85,8.65,0.8
NN.OQ,217732438.49181256,46535155.72003702,91258219.24590626,-1539493970.410717,-1757226408.9025295,1.1414311732794409,0.09250612001335426,-0.8520675484006858,4.95,6.25,1.3
PLTR.OQ,9362035749.492584,0.0,4525533874.746292,-495115096.66339785,-9857150846.155983,19.908806886689078,0.037343533741021756,-0.007165934732167536,7.3,8.2,0.9
4058.T,43024156.548801124,0.0,22616451.08001818,158992043.34874365,115967886.79994252,0.7293942788418091,0.42810181988023294,0.5765180816532378,6.55,7.2,0.65
ROEL.BX,3016103090.405901,314484123.2135016,0.0,4395632997.346257,1379529906.9403563,0.31384101169802153,0.6853696983294866,0.08934559985775922,7.1,8.25,1.15
TRMB.OQ,15555160632.411064,1004110995.188544,4290080316.205534,10705439802.624174,-4849720829.78689,-0.45301462800230785,1.2081056313179943,0.06340454882865758,6.85,7.8,0.95
ADSK.OQ,24070360011.66294,1060668154.088545,10569180005.831469,27938791364.915237,3868431353.2522964,0.13846094137451365,0.5664789730871899,0.14485514560203985,8.3,8.7,0.4
S.N,4250084232.9931087,164296710.770597,1720803616.4965546,-4387307057.727353,-8637391290.720463,1.9687227670804228,0.9315166350000367,-0.1214224677316793,6.6,7.2,0.6
NTSK.OQ,3493780244.03162,342435059.4216996,1868237622.01581,-386211087.16936743,-3879991331.2009873,10.046297116010736,0.952150213736438,-0.015194130871069748,6.35,7.05,0.7
NCNO.OQ,2706335570.9143534,137506871.4121983,730669785.4571766,202625265.92429253,-2503710304.990061,-12.356357898257018,1.7214946133731326,0.007179234827624602,6.4,7.1,0.7
DSG.TO,2420171874.7607775,57935964.61608043,578792937.3803887,3629616872.7296023,1209444997.9688249,0.33321560935418476,0.4166822699251084,0.13797984539376004,7.3,8.35,1.05
CRM.N,162011899642.539,9668908692.160858,48730449821.269485,120685165097.74463,-41326734544.79437,-0.34243425454423715,1.1716984136913968,0.07294483000443665,6.55,7.65,1.1
RBRK.N,3963245535.4074993,229198693.4661848,2513930767.7037497,-4284775069.4770813,-8248020604.884581,1.924959996999604,0.2783086527628949,-0.20153740396200265,6.65,7.0,0.35
CRWD.OQ,11763694458.351765,1990035672.828129,5887871729.175882,12041716409.139053,278021950.78728867,0.02308823271874133,0.06969063938056716,0.1434556805899347,8.0,8.7,0.7
DOCU.OQ,10388511982.615383,994250798.6850501,4668608991.307692,5683392089.766437,-4705119892.848947,-0.827871774203477,1.4177169674477088,0.06955318068999215,6.4,7.15,0.75
OKTA.OQ,13574759126.983677,202847481.8653352,4389379563.4918375,-1362524135.176214,-14937283262.159891,10.962949482159496,0.7228088266388174,-0.009321212137406741,6.35,7.05,0.7
MDB.OQ,7568761889.323702,115783738.2676283,3486836444.661851,1334713559.0655324,-6234048330.258169,-4.670701281121912,0.35143905557579785,0.02288869564160476,6.95,7.35,0.4
PD.N,2114553829.5420856,84108709.69061024,958998914.7710426,-290793108.00245917,-2405346937.5445447,8.271677943358284,3.3402954220859318,-0.01687075344479161,6.2,7.0,0.8
GTLB.OQ,2932675691.579854,17492492.159301,1578165134.789927,-1669934897.6888354,-4602610589.268689,2.7561616896794194,0.8357229278625397,-0.08630087248286245,6.3,7.1,0.8
WDAY.OQ,33208788821.788002,3828123238.635161,13929894410.894001,17134810244.086485,-16073978577.701517,-0.9380890916634995,1.2680196835367168,0.06221501562912672,6.95,7.6,0.65
SNOW.N,15428877165.496208,814101865.773323,7615017082.748104,-5344983835.505907,-20773861001.002113,3.88660876072338,0.19946292406416677,-0.047060219034214604,6.75,7.55,0.8
SAIL.OQ,9692368335.189583,80275671.54446527,1602140667.594792,1547118579.0952384,-8145249756.094344,-5.264786982816612,1.398761604795868,0.013386310618977127,7.85,8.45,0.6
